<?xml version="1.0" encoding="UTF-8" standalone="yes"?>
<businessObjectModel modelVersion="1.0" productVersion="7.3.0">
    <businessObjects>
        <businessObject qualifiedName="com.company.model.SolicitudDeMonitoria">
            <fields>
                <field type="LONG" length="255" name="userId" nullable="false" collection="false"/>
                <field type="STRING" length="255" name="nombre" nullable="false" collection="false"/>
                <field type="STRING" length="255" name="materias" nullable="false" collection="false"/>
                <field type="STRING" length="255" name="email" nullable="false" collection="false"/>
                <field type="DOUBLE" length="255" name="promedio" nullable="false" collection="false"/>
                <field type="STRING" length="255" name="estado" nullable="false" collection="false"/>
                <field type="STRING" length="255" name="razonDelEstado" nullable="true" collection="false"/>
            </fields>
            <uniqueConstraints/>
            <queries>
                <query name="findByUserIdAndStatus" content="SELECT s &#xA;FROM SolicitudDeMonitoria s &#xA;WHERE s.userId = :userId&#xA;AND s.estado = :estado&#xA;ORDER BY s.persistenceId ASC" returnType="java.util.List">
                    <queryParameters>
                        <queryParameter name="userId" className="java.lang.Long"/>
                        <queryParameter name="estado" className="java.lang.Boolean"/>
                    </queryParameters>
                </query>
            </queries>
            <indexes/>
        </businessObject>
    </businessObjects>
</businessObjectModel>
